destination,1781,1782,1785,1786,1787,1788,1789,1790,1791,Facade,destination_fixed,Unnamed: 0,ogc_fid,uhgs_id,x,y,total,toponym,toponyme_standard_fr,toponyme_standard_en,substate_1789_fr,state_1789_fr,substate_1789_en,state_1789_en,belonging_states,belonging_substates,status,has_a_clerk,geonameid,admiralty,province,shiparea,ferme_direction,ferme_bureau,partner_balance_1789,partner_balance_supp_1789,point,indicator_column
Arundel,,,,,1,1,,,,Sud,Arundel,1385.0,1190.0,A0379983,-0.55,50.85,0.0,,Arundel,Arundel,Angleterre,Grande-Bretagne,England,Great Britain,"[{""1749-1815"" : ""Grande-Bretagne""}]","[{""1749-1815"" : ""Angleterre""}]",,,,,Sussex,MAN-WIGH,,,Angleterre,Etranger,"{""type"":""Point"",""coordinates"":[-0.55,50.85]}",both
Aurigny,,,1,,,,,,,Sud,Aurigny,1034.0,1017.0,A1945858,-2.2,49.716667,34.0,Origny,Aurigny,Alderney,Iles anglo-normandes,Grande-Bretagne,Channel Islands,Great Britain,"[{""1749-1815"" : ""Grande-Bretagne""}]","[{""1749-1815"" : ""Iles anglo-normandes""}]",,,3042422.0,,Guernesey,MAN-WIGH,,,Angleterre,Etranger,"{""type"":""Point"",""coordinates"":[-2.2,49.716667]}",both
Ayr,,,1,,,,,,,Ouest,Ayr,1004.0,1328.0,A0407418,-4.616667,55.45,0.0,Ayr,Ayr,Ayr,Ecosse,Grande-Bretagne,Scotland,Great Britain,"[{""1749-1815"" : ""Grande-Bretagne""}]","[{""1749-1815"" : ""Ecosse""}]",,,,,Ecosse,ANE-MALI,,,Angleterre,Etranger,"{""type"":""Point"",""coordinates"":[-4.616667,55.45]}",both
Banff,,,,,,2,,,,Est,Banff,378.0,427.0,A0406679,-2.533333,57.666667,2.0,Banfen,Banff,Banff,Ecosse,Grande-Bretagne,Scotland,Great Britain,"[{""1749-1815"" : ""Grande-Bretagne""}]","[{""1749-1815"" : ""Ecosse""}]",,,2656402.0,,Ecosse,NOR-CROM,,,Angleterre,Etranger,"{""type"":""Point"",""coordinates"":[-2.533333,57.666667]}",both
Barking,,,,,4,1,1,1,,Est,Barking,249.0,1186.0,A0406923,0.083333,51.533333,0.0,,Barking,Barking,Angleterre,Grande-Bretagne,England,Great Britain,"[{""1749-1815"" : ""Grande-Bretagne""}]","[{""1749-1815"" : ""Angleterre""}]",,,,,Essex,NOR-THAM,,,Angleterre,Etranger,"{""type"":""Point"",""coordinates"":[0.083333,51.533333]}",both
Belfast,,,1,,,,,,,Ouest,Belfast,793.0,832.0,A0380140,-5.933333,54.583333,4.0,Belfast,Belfast,Belfast,Irlande,Grande-Bretagne,Ireland,Great Britain,"[{""1749-1815"" : ""Grande-Bretagne""}]","[{""1749-1815"" : ""Irlande""}]",,,2655984.0,,Irlande,ANE-IRSE,,,Angleterre,Etranger,"{""type"":""Point"",""coordinates"":[-5.933333,54.583333]}",both
Boston,,,1,1,,,4,,,Est,Boston,933.0,1311.0,A0385857,-0.016667,52.983333,0.0,Bortan,Boston,Boston,Angleterre,Grande-Bretagne,England,Great Britain,"[{""1749-1815"" : ""Grande-Bretagne""}]","[{""1749-1815"" : ""Angleterre""}]",,,,,Lincoln shire,NOR-HUMB,,,Angleterre,Etranger,"{""type"":""Point"",""coordinates"":[-0.016667,52.983333]}",both
Brightlingsea,2,5,2,,,,,7,1,Est,Brightlingsea,720.0,1175.0,A0391890,1.033333,51.8,0.0,,Brightlingsea,Brightlingsea,Angleterre,Grande-Bretagne,England,Great Britain,"[{""1749-1815"" : ""Grande-Bretagne""}]","[{""1749-1815"" : ""Angleterre""}]",,,,,Essex,NOR-THAM,,,Angleterre,Etranger,"{""type"":""Point"",""coordinates"":[1.033333,51.8]}",both
Brighton,,3,1,1,1,2,6,,1,Sud,Brighton,227.0,16.0,A0410570,-0.15,50.833333,127.0,Brighthelm-Stone [Brighton],Brighton,Brighton,Angleterre,Grande-Bretagne,England,Great Britain,"[{""1749-1815"" : ""Grande-Bretagne""}]","[{""1749-1815"" : ""Angleterre""}]",,,2654710.0,,Sussex, MAN-WIGH,,,Angleterre,Etranger,"{""type"":""Point"",""coordinates"":[-0.15,50.833333]}",both
Broadstairs,,,,,,,2,,,Sud,Broadstairs,382.0,563.0,A0403623,1.45,51.366667,1.0,Broadstairs,Broadstairs,Broadstairs,Angleterre,Grande-Bretagne,England,Great Britain,"[{""1749-1815"" : ""Grande-Bretagne""}]","[{""1749-1815"" : ""Angleterre""}]",,,5889189.0,,Kent,NOR-THAM,,,Angleterre,Etranger,"{""type"":""Point"",""coordinates"":[1.45,51.366667]}",both
Burnham,27,58,79,128,101,102,67,47,11,Est,Burnham,490.0,951.0,A0390524,0.833333,51.616667,5.0,Burnham,Burnham,Burnham,Angleterre,Grande-Bretagne,England,Great Britain,"[{""1749-1815"" : ""Grande-Bretagne""}]","[{""1749-1815"" : ""Angleterre""}]",,,2654270.0,,Essex,NOR-THAM,,,Angleterre,Etranger,"{""type"":""Point"",""coordinates"":[0.833333,51.616667]}",both
Chatham,50,34,8,7,4,2,,1,,Est,Chatham,32.0,422.0,A0404691,0.531778,51.380278,1.0,Chatam,Chatham,Chatham,Angleterre,Grande-Bretagne,England,Great Britain,"[{""1749-1815"" : ""Grande-Bretagne""}]","[{""1749-1815"" : ""Angleterre""}]",,,2653305.0,,Kent,NOR-THAM,,,Angleterre,Etranger,"{""type"":""Point"",""coordinates"":[0.531778,51.380278]}",both
Chichester,,,,1,3,,2,2,,Sud,Chichester,955.0,479.0,A0397468,-0.783333,50.833333,12.0,Chichester,Chichester,Chichester,Angleterre,Grande-Bretagne,England,Great Britain,"[{""1749-1815"" : ""Grande-Bretagne""}]","[{""1749-1815"" : ""Angleterre""}]",,,2653192.0,,Sussex,MAN-WIGH,,,Angleterre,Etranger,"{""type"":""Point"",""coordinates"":[-0.783333,50.833333]}",both
Essex,1,2,,,,,,,,Est,Colchester,1264.0,185.0,A0401683,0.9,51.883333,6.0,Colchester,Colchester,Colchester,Angleterre,Grande-Bretagne,England,Great Britain,"[{""1749-1815"" : ""Grande-Bretagne""}]","[{""1749-1815"" : ""Angleterre""}]",,,2652618.0,,Essex,NOR-THAM,,,Angleterre,Etranger,"{""type"":""Point"",""coordinates"":[0.9,51.883333]}",both
Colchester,41,34,6,18,15,50,57,73,40,Est,Colchester,1264.0,185.0,A0401683,0.9,51.883333,6.0,Colchester,Colchester,Colchester,Angleterre,Grande-Bretagne,England,Great Britain,"[{""1749-1815"" : ""Grande-Bretagne""}]","[{""1749-1815"" : ""Angleterre""}]",,,2652618.0,,Essex,NOR-THAM,,,Angleterre,Etranger,"{""type"":""Point"",""coordinates"":[0.9,51.883333]}",both
Corton,,,,,,,13,,,Est,Corton,1368.0,1171.0,A0406758,1.766667,52.516666,0.0,,Corton,Corton,Angleterre,Grande-Bretagne,England,Great Britain,"[{""1749-1815"" : ""Grande-Bretagne""}]","[{""1749-1815"" : ""Angleterre""}]",,,,,Suffolk shire,NOR-THAM,,,Angleterre,Etranger,"{""type"":""Point"",""coordinates"":[1.766667,52.516666]}",both
Cowes,,,,,3,6,1,1,1,Sud,Cowes,963.0,270.0,A0401605,-1.3,50.766667,3.0,Cowes,Cowes,Cowes,Angleterre,Grande-Bretagne,England,Great Britain,"[{""1749-1815"" : ""Grande-Bretagne""}]","[{""1749-1815"" : ""Angleterre""}]",,,2652204.0,,Hampshire,MAN-WIGH,,,Angleterre,Etranger,"{""type"":""Point"",""coordinates"":[-1.3,50.766667]}",both
Darmouth,,,,1,1,,,,,Sud,Dartmouth,1336.0,355.0,A0409593,-3.583333,50.35,12.0,Dartmouth,Dartmouth,Dartmouth,Angleterre,Grande-Bretagne,England,Great Britain,"[{""1749-1815"" : ""Grande-Bretagne""}]","[{""1749-1815"" : ""Angleterre""}]",,,2651498.0,,Devon shire,MAN-PORT,,,Angleterre,Etranger,"{""type"":""Point"",""coordinates"":[-3.583333,50.35]}",both
Deal,179,197,97,113,130,120,246,180,98,Sud,Deal,754.0,819.0,A0386686,1.4,51.216667,100.0,Deal,Deal,Deal,Angleterre,Grande-Bretagne,England,Great Britain,"[{""1749-1815"" : ""Grande-Bretagne""}]","[{""1749-1815"" : ""Angleterre""}]",,,2651468.0,,Kent,NOR-DOVE,,,Angleterre,Etranger,"{""type"":""Point"",""coordinates"":[1.4,51.216667]}",both
Donaghadee,,,,,2,,,,,Ouest,Donaghadee,765.0,1192.0,A0410502,-5.533333,54.63333,0.0,,Donaghadee,Donaghadee,Irlande,Grande-Bretagne,Ireland,Great Britain,"[{""1749-1815"" : ""Grande-Bretagne""}]","[{""1749-1815"" : ""Irlande""}]",,,,,Irlande,ANE-IRSE,,,Angleterre,Etranger,"{""type"":""Point"",""coordinates"":[-5.533333,54.63333]}",both
Douvres,7,22,88,69,103,83,98,90,49,Sud,Douvres,537.0,465.0,A0382747,1.3,51.133333,937.0,Douvres,Douvres,Dover,Angleterre,Grande-Bretagne,England,Great Britain,"[{""1749-1815"" : ""Grande-Bretagne""}]","[{""1749-1815"" : ""Angleterre""}]",,,2651048.0,,Kent,MAN-DOVE,,,Angleterre,Etranger,"{""type"":""Point"",""coordinates"":[1.3,51.133333]}",both
Dublin,,,,1,,,,,1,Ouest,Dublin,522.0,34.0,A0614666,-6.248889,53.333056,43.0,Dublin,Dublin,Dublin,Irlande,Grande-Bretagne,Ireland,Great Britain,"[{""1749-1815"" : ""Grande-Bretagne""}]","[{""1749-1815"" : ""Irlande""}]",,,2964574.0,,Irlande,ANE-IRSE,,,Angleterre,Etranger,"{""type"":""Point"",""coordinates"":[-6.248889,53.333056]}",both
Dungeness,5,,3,19,3,11,6,5,3,Sud,Dungeness,1401.0,1180.0,A0386886,0.983333,50.916668,0.0,,Dungeness,Dungeness,Angleterre,Grande-Bretagne,England,Great Britain,"[{""1749-1815"" : ""Grande-Bretagne""}]","[{""1749-1815"" : ""Angleterre""}]",,,,,Kent,MAN-DOVE,,,Angleterre,Etranger,"{""type"":""Point"",""coordinates"":[0.983333,50.916668]}",both
Exeter,,,,,4,,,,,Sud,Exeter,1194.0,713.0,A0390341,-3.533664,50.72077,4.0,Exeter,Exeter,Exeter,Angleterre,Grande-Bretagne,England,Great Britain,"[{""1749-1815"" : ""Grande-Bretagne""}]","[{""1749-1815"" : ""Angleterre""}]",,,2649808.0,,Devon shire,MAN-PORT,,,Angleterre,Etranger,"{""type"":""Point"",""coordinates"":[-3.533664,50.72077]}",both
Faversham,,,,12,57,56,49,49,12,Est,Faversham,358.0,411.0,A0391703,0.9,51.316667,13.0,Faversham,Faversham,Faversham,Angleterre,Grande-Bretagne,England,Great Britain,"[{""1749-1815"" : ""Grande-Bretagne""}]","[{""1749-1815"" : ""Angleterre""}]",,,2649622.0,,Kent,NOR-THAM,,,Angleterre,Etranger,"{""type"":""Point"",""coordinates"":[0.9,51.316667]}",both
Folkstone,70,45,58,96,108,140,123,69,63,Sud,Folkestone,919.0,971.0,A0387292,1.183333,51.083333,14.0,Folkestone,Folkestone,Folkestone,Angleterre,Grande-Bretagne,England,Great Britain,"[{""1749-1815"" : ""Grande-Bretagne""}]","[{""1749-1815"" : ""Angleterre""}]",,,2649258.0,,Kent,MAN-DOVE,,,Angleterre,Etranger,"{""type"":""Point"",""coordinates"":[1.183333,51.083333]}",both
Glasgow,,,,1,,,,,,Ouest,Glasgow,20.0,959.0,A0397114,-4.25,55.833333,11.0,Glasgow,Glasgow,Glasgow,Ecosse,Grande-Bretagne,Scotland,Great Britain,"[{""1749-1815"" : ""Grande-Bretagne""}]","[{""1749-1815"" : ""Ecosse""}]",,,2640156.0,,Ecosse,ANE-MALI,,,Angleterre,Etranger,"{""type"":""Point"",""coordinates"":[-4.25,55.833333]}",both
Gravesend,,,,1,1,,2,1,,Est,Gravesend,753.0,239.0,A0410522,0.366667,51.433333,2.0,Gravesend,Gravesend,Gravesend,Angleterre,Grande-Bretagne,England,Great Britain,"[{""1749-1815"" : ""Grande-Bretagne""}]","[{""1749-1815"" : ""Angleterre""}]",,,6163035.0,,Essex,NOR-THAM,,,Angleterre,Etranger,"{""type"":""Point"",""coordinates"":[0.366667,51.433333]}",both
Greenhock,,,,,,1,,,,Ouest,Greenock,731.0,179.0,A0390202,-4.75,55.933333,12.0,Greenock,Greenock,Greenock,Ecosse,Grande-Bretagne,Scotland,Great Britain,"[{""1749-1815"" : ""Grande-Bretagne""}]","[{""1749-1815"" : ""Ecosse""}]",,,2647948.0,,Ecosse,ANE-MALI,,,Angleterre,Etranger,"{""type"":""Point"",""coordinates"":[-4.75,55.933333]}",both
Greenwich,,4,26,9,4,20,6,3,3,Est,Greenwich,980.0,448.0,A0397762,0.0,51.466667,6.0,Greenwich,Greenwich,Greenwich,Angleterre,Grande-Bretagne,England,Great Britain,"[{""1749-1815"" : ""Grande-Bretagne""}]","[{""1749-1815"" : ""Angleterre""}]",,,2647937.0,,Surrey,NOR-THAM,,,Angleterre,Etranger,"{""type"":""Point"",""coordinates"":[0,51.466667]}",both
Guernesey,,,,,,1,4,2,,Sud,Guernesey,1392.0,835.0,A1945598,-2.6,49.45,182.0,Guernesey,Guernesey,Guernesey,Iles anglo-normandes,Grande-Bretagne,Channel Islands,Great Britain,"[{""1749-1815"" : ""Grande-Bretagne""}]","[{""1749-1815"" : ""Iles anglo-normandes""}]",,,3042363.0,,Guernesey,MAN-PORT,,,Angleterre,Etranger,"{""type"":""Point"",""coordinates"":[-2.6,49.45]}",both
Harwich,8,23,29,38,27,39,37,35,19,Est,Harwich,954.0,283.0,A0386567,1.3,51.95,32.0,Harwich,Harwich,Harwich,Angleterre,Grande-Bretagne,England,Great Britain,"[{""1749-1815"" : ""Grande-Bretagne""}]","[{""1749-1815"" : ""Angleterre""}]",,,2647383.0,,Essex,NOR-THAM,,,Angleterre,Etranger,"{""type"":""Point"",""coordinates"":[1.3,51.95]}",both
Hasting,41,12,44,91,105,63,72,50,62,Sud,Hasting,805.0,970.0,A0383904,0.6,50.85,5.0,Hastings,Hasting,Hasting,Angleterre,Grande-Bretagne,England,Great Britain,"[{""1749-1815"" : ""Grande-Bretagne""}]","[{""1749-1815"" : ""Angleterre""}]",,,2647356.0,,Sussex,MAN-DOVE,,,Angleterre,Etranger,"{""type"":""Point"",""coordinates"":[0.6,50.85]}",both
Hull,,,,1,,,1,1,1,Est,Hull,1120.0,1083.0,A0389327,-0.333333,53.716667,61.0,Hull,Hull,Hull,Angleterre,Grande-Bretagne,England,Great Britain,"[{""1749-1815"" : ""Grande-Bretagne""}]","[{""1749-1815"" : ""Angleterre""}]",,,2641633.0,,York shire,NOR-HUMB,,,Angleterre,Etranger,"{""type"":""Point"",""coordinates"":[-0.333333,53.716667]}",both
Hythe,,,,,7,14,11,4,,Sud,Hythe,284.0,967.0,A0387612,1.083333,51.066667,1.0,Hythe,Hythe,Hythe,Angleterre,Grande-Bretagne,England,Great Britain,"[{""1749-1815"" : ""Grande-Bretagne""}]","[{""1749-1815"" : ""Angleterre""}]",,,3042211.0,,Kent,MAN-DOVE,,,Angleterre,Etranger,"{""type"":""Point"",""coordinates"":[1.083333,51.066667]}",both
Ipswich,3,1,,3,14,6,5,2,1,Est,Ipswich,363.0,945.0,A0379993,1.155939,52.059278,3.0,Ipswith,Ipswich,Ipswich,Angleterre,Grande-Bretagne,England,Great Britain,"[{""1749-1815"" : ""Grande-Bretagne""}]","[{""1749-1815"" : ""Angleterre""}]",,,2646057.0,,Suffolk shire,NOR-THAM,,,Angleterre,Etranger,"{""type"":""Point"",""coordinates"":[1.155939,52.059278]}",both
Jersey,,,,,1,,,,,Sud,Jersey,1107.0,466.0,A1963330,-2.116667,49.216667,227.0,Jersey,Jersey,Jersey,Iles anglo-normandes,Grande-Bretagne,Channel Islands,Great Britain,"[{""1749-1815"" : ""Grande-Bretagne""}]","[{""1749-1815"" : ""Iles anglo-normandes""}]",,,3042143.0,,Jersey,MAN-PORT,,,Angleterre,Etranger,"{""type"":""Point"",""coordinates"":[-2.116667,49.216667]}",both
King's Lynn,,1,5,1,2,3,5,3,2,Est,King's Lynn,1397.0,933.0,A0381991,0.383333,52.75,15.0,Lynn,King's Lynn,King's Lynn,Angleterre,Grande-Bretagne,England,Great Britain,"[{""1749-1815"" : ""Grande-Bretagne""}]","[{""1749-1815"" : ""Angleterre""}]",,,6947737.0,,Norfolk,NOR-HUMB,,,Angleterre,Etranger,"{""type"":""Point"",""coordinates"":[0.383333,52.75]}",both
Lee,1,2,9,11,50,33,37,27,29,Sud,Lee on Solent,1274.0,1184.0,A0385891,-1.2,50.8,0.0,,Lee on Solent,Lee on Solent,Angleterre,Grande-Bretagne,England,Great Britain,"[{""1749-1815"" : ""Grande-Bretagne""}]","[{""1749-1815"" : ""Angleterre""}]",,,,,Hampshire,MAN-WIGH,,,Angleterre,Etranger,"{""type"":""Point"",""coordinates"":[-1.2,50.8]}",both
Leith,,,,2,,,1,1,,Est,Leith,791.0,217.0,A0401159,-3.166667,55.95,10.0,Leith,Leith,Leith,Ecosse,Grande-Bretagne,Scotland,Great Britain,"[{""1749-1815"" : ""Grande-Bretagne""}]","[{""1749-1815"" : ""Ecosse""}]",,,2644641.0,,Ecosse,NOR-FORH,,,Angleterre,Etranger,"{""type"":""Point"",""coordinates"":[-3.166667,55.95]}",both
Leigh,2,,,,,,,,,Est,Leith,791.0,217.0,A0401159,-3.166667,55.95,10.0,Leith,Leith,Leith,Ecosse,Grande-Bretagne,Scotland,Great Britain,"[{""1749-1815"" : ""Grande-Bretagne""}]","[{""1749-1815"" : ""Ecosse""}]",,,2644641.0,,Ecosse,NOR-FORH,,,Angleterre,Etranger,"{""type"":""Point"",""coordinates"":[-3.166667,55.95]}",both
Londres,1,1,5,5,30,29,27,16,10,Est,Londres,1065.0,252.0,A0381691,-0.1,51.516667,417.0,Londres,Londres,London,Angleterre,Grande-Bretagne,England,Great Britain,"[{""1749-1815"" : ""Grande-Bretagne""}]","[{""1749-1815"" : ""Angleterre""}]",,,2643743.0,,Middlesex,NOR-THAM,,,Angleterre,Etranger,"{""type"":""Point"",""coordinates"":[-0.1,51.516667]}",both
Lydd,6,3,1,1,,3,7,4,2,Sud,Lydd,937.0,963.0,A0382374,0.916667,50.95,2.0,Lydd,Lydd,Lydd,Angleterre,Grande-Bretagne,England,Great Britain,"[{""1749-1815"" : ""Grande-Bretagne""}]","[{""1749-1815"" : ""Angleterre""}]",,,3167096.0,,Kent,MAN-DOVE,,,Angleterre,Etranger,"{""type"":""Point"",""coordinates"":[0.916667,50.95]}",both
Maldon,,1,4,11,48,69,55,62,,Est,Maldon,1297.0,184.0,A0389696,0.67344,51.731704,3.0,Malden,Maldon,Maldon,Angleterre,Grande-Bretagne,England,Great Britain,"[{""1749-1815"" : ""Grande-Bretagne""}]","[{""1749-1815"" : ""Angleterre""}]",,,2643160.0,,Essex,NOR-THAM,,,Angleterre,Etranger,"{""type"":""Point"",""coordinates"":[0.67344,51.731704]}",both
Margate,77,71,30,42,16,14,21,9,8,Est,Margate,1076.0,990.0,A0388192,1.383233,51.382833,10.0,Margate,Margate,Margate,Angleterre,Grande-Bretagne,England,Great Britain,"[{""1749-1815"" : ""Grande-Bretagne""}]","[{""1749-1815"" : ""Angleterre""}]",,,2643044.0,,Kent,NOR-THAM,,,Angleterre,Etranger,"{""type"":""Point"",""coordinates"":[1.383233,51.382833]}",both
West-Mersey,,,1,2,1,,,,,Est,Mersey,711.0,1173.0,A0388793,-3.033333,53.45,0.0,,Mersey,Mersey,Angleterre,Grande-Bretagne,England,Great Britain,"[{""1749-1815"" : ""Grande-Bretagne""}]","[{""1749-1815"" : ""Angleterre""}]",,,,,Lancashire,ANE-IRSE,,,Angleterre,Etranger,"{""type"":""Point"",""coordinates"":[-3.033333,53.45]}",both
Mersey,,,,4,4,,,,,Ouest,Mersey,711.0,1173.0,A0388793,-3.033333,53.45,0.0,,Mersey,Mersey,Angleterre,Grande-Bretagne,England,Great Britain,"[{""1749-1815"" : ""Grande-Bretagne""}]","[{""1749-1815"" : ""Angleterre""}]",,,,,Lancashire,ANE-IRSE,,,Angleterre,Etranger,"{""type"":""Point"",""coordinates"":[-3.033333,53.45]}",both
Newcastle,,,,,,1,2,,,Est,Newcastle,354.0,29.0,A0409139,-1.619444,54.988056,153.0,Newcastle,Newcastle,Newcastle,Angleterre,Grande-Bretagne,England,Great Britain,"[{""1749-1815"" : ""Grande-Bretagne""}]","[{""1749-1815"" : ""Angleterre""}]",,,2641673.0,,North Umberland,NOR-TYNE,,,Angleterre,Etranger,"{""type"":""Point"",""coordinates"":[-1.619444,54.988056]}",both
Newhaven,,,,,,2,,,,Sud,Newhaven,1080.0,445.0,A0396870,0.033333,50.783333,3.0,Newhaven,Newhaven,Newhaven,Angleterre,Grande-Bretagne,England,Great Britain,"[{""1749-1815"" : ""Grande-Bretagne""}]","[{""1749-1815"" : ""Angleterre""}]",,,2641637.0,,Sussex, MAN-WIGH,,,Angleterre,Etranger,"{""type"":""Point"",""coordinates"":[0.033333,50.783333]}",both
Norfolk,,,6,,,,,,,Est,Norfolk,151.0,1318.0,A0393358,1.0,52.666667,0.0,Norfolck,Norfolk,Norfolk,Angleterre,Grande-Bretagne,England,Great Britain,"[{""1749-1815"" : ""Grande-Bretagne""}]","[{""1749-1815"" : ""Angleterre""}]",,,,,Norfolk,NOR-HUMB,,,Angleterre,Etranger,"{""type"":""Point"",""coordinates"":[1,52.666667]}",both
Penzance,,,,,,2,,,,Sud,Penzance,23.0,273.0,A0379452,-5.547778,50.113611,9.0,Penzance,Penzance,Penzance,Angleterre,Grande-Bretagne,England,Great Britain,"[{""1749-1815"" : ""Grande-Bretagne""}]","[{""1749-1815"" : ""Angleterre""}]",,,2640377.0,,Cornwall, MAN-PLYM,,,Angleterre,Etranger,"{""type"":""Point"",""coordinates"":[-5.547778,50.113611]}",both
Plymouth,,,,,1,,,,1,Sud,Plymouth,27.0,1084.0,A0397385,-4.138611,50.396389,20.0,Plymouth,Plymouth,Plymouth,Angleterre,Grande-Bretagne,England,Great Britain,"[{""1749-1815"" : ""Grande-Bretagne""}]","[{""1749-1815"" : ""Angleterre""}]",,,2640194.0,,Devon shire,MAN-PLYM,,,Angleterre,Etranger,"{""type"":""Point"",""coordinates"":[-4.138611,50.396389]}",both
Poole,,,,,,1,,,,Sud,Poole,1117.0,365.0,A0393049,-1.616667,53.9,36.0,Pool,Poole,Poole,Angleterre,Grande-Bretagne,England,Great Britain,"[{""1749-1815"" : ""Grande-Bretagne""}]","[{""1749-1815"" : ""Angleterre""}]",,,2640102.0,,York shire,MAN-PORT,,,Angleterre,Etranger,"{""type"":""Point"",""coordinates"":[-1.616667,53.9]}",both
Poole,,,,,,1,,,,Sud,Poole,1154.0,1187.0,A0403098,-1.979313,50.7187,0.0,,Poole,Poole,Angleterre,Grande-Bretagne,England,Great Britain,"[{""1749-1815"" : ""Grande-Bretagne""}]","[{""1749-1815"" : ""Angleterre""}]",,,,,Dorset shire,MAN-WIGH,,,Angleterre,Etranger,"{""type"":""Point"",""coordinates"":[-1.979313,50.7187]}",both
Portsmouth,,,1 ?,1,2,,1,1,,Sud,Portsmouth,17.0,475.0,A0385489,-1.083333,50.766667,33.0,Portsmouth,Portsmouth,Portsmouth,Angleterre,Grande-Bretagne,England,Great Britain,"[{""1749-1815"" : ""Grande-Bretagne""}]","[{""1749-1815"" : ""Angleterre""}]",,,6458606.0,,Hampshire,MAN-WIGH,,,Angleterre,Etranger,"{""type"":""Point"",""coordinates"":[-1.083333,50.766667]}",both
Ramsgate,,,,1,6,,,,,Sud,Ramsgate,829.0,858.0,A0395164,1.433333,51.333333,7.0,Ramsgate,Ramsgate,Ramsgate,Angleterre,Grande-Bretagne,England,Great Britain,"[{""1749-1815"" : ""Grande-Bretagne""}]","[{""1749-1815"" : ""Angleterre""}]",,,2639660.0,,Kent,NOR-THAM,,,Angleterre,Etranger,"{""type"":""Point"",""coordinates"":[1.433333,51.333333]}",both
Reculver,,3,,7,6,,,3,4,Est,Reculvers,487.0,1172.0,A0391370,1.2,51.36667,0.0,,Reculvers,Reculvers,Angleterre,Grande-Bretagne,England,Great Britain,"[{""1749-1815"" : ""Grande-Bretagne""}]","[{""1749-1815"" : ""Angleterre""}]",,,,,Kent,NOR-THAM,,,Angleterre,Etranger,"{""type"":""Point"",""coordinates"":[1.2,51.36667]}",both
Rochester,1,1,,13,25,5,17,10,4,Est,Rochester,1405.0,229.0,A0401283,0.504513,51.389812,10.0,Rochester,Rochester,Rochester,Angleterre,Grande-Bretagne,England,Great Britain,"[{""1749-1815"" : ""Grande-Bretagne""}]","[{""1749-1815"" : ""Angleterre""}]",,,2639268.0,,Kent,NOR-THAM,,,Angleterre,Etranger,"{""type"":""Point"",""coordinates"":[0.504513,51.389812]}",both
Rye,1,1,2,19,26,20,18,17,11,Sud,Rye,650.0,238.0,A0384561,0.733995,50.952079,5.0,Rye,Rye,Rye,Angleterre,Grande-Bretagne,England,Great Britain,"[{""1749-1815"" : ""Grande-Bretagne""}]","[{""1749-1815"" : ""Angleterre""}]",,,2638909.0,,Sussex,MAN-DOVE,,,Angleterre,Etranger,"{""type"":""Point"",""coordinates"":[0.733995,50.952079]}",both
Saltfleet,,,,,,1,,,1,Est,Saltfleet,1217.0,1193.0,A0380965,0.183333,53.416668,0.0,,Saltfleet,Saltfleet,Angleterre,Grande-Bretagne,England,Great Britain,"[{""1749-1815"" : ""Grande-Bretagne""}]","[{""1749-1815"" : ""Angleterre""}]",,,,,Lincoln shire,NOR-HUMB,,,Angleterre,Etranger,"{""type"":""Point"",""coordinates"":[0.183333,53.416668]}",both
Sandgate,4,,,2,1,,,,,Sud,Sandgate,314.0,1178.0,A0409318,1.15,51.066666,0.0,,Sandgate,Sandgate,Angleterre,Grande-Bretagne,England,Great Britain,"[{""1749-1815"" : ""Grande-Bretagne""}]","[{""1749-1815"" : ""Angleterre""}]",,,,,Kent,MAN-DOVE,,,Angleterre,Etranger,"{""type"":""Point"",""coordinates"":[1.15,51.066666]}",both
Scarborough,,1,,2,,,,,,Est,Scarborough,1393.0,111.0,A0388956,-0.399656,54.280691,12.0,Scarbourg,Scarborough,Scarborough,Angleterre,Grande-Bretagne,England,Great Britain,"[{""1749-1815"" : ""Grande-Bretagne""}]","[{""1749-1815"" : ""Angleterre""}]",,,2638419.0,,York shire,NOR-HUMB,,,Angleterre,Etranger,"{""type"":""Point"",""coordinates"":[-0.399656,54.280691]}",both
Shoreham,,2,1,,1,1,4,,,Sud,Shoreham,1366.0,920.0,A0405054,-0.233333,50.833333,7.0,Shoram en Angleterre,Shoreham,Shoreham,Angleterre,Grande-Bretagne,England,Great Britain,"[{""1749-1815"" : ""Grande-Bretagne""}]","[{""1749-1815"" : ""Angleterre""}]",,,2637916.0,,Sussex,MAN-WIGH,,,Angleterre,Etranger,"{""type"":""Point"",""coordinates"":[-0.233333,50.833333]}",both
Southampton,,,1,2,3,,,,,Sud,Southampton,92.0,1094.0,A0408148,-1.4,50.9,60.0,Southampton,Southampton,Southampton,Angleterre,Grande-Bretagne,England,Great Britain,"[{""1749-1815"" : ""Grande-Bretagne""}]","[{""1749-1815"" : ""Angleterre""}]",,,2637487.0,,Hampshire,MAN-WIGH,,,Angleterre,Etranger,"{""type"":""Point"",""coordinates"":[-1.4,50.9]}",both
Southend,,,,,,,1,,,Est,Southend,1280.0,1168.0,A0391400,0.7,51.533333,0.0,,Southend,Southend,Angleterre,Grande-Bretagne,England,Great Britain,"[{""1749-1815"" : ""Grande-Bretagne""}]","[{""1749-1815"" : ""Angleterre""}]",,,,,Essex,NOR-THAM,,,Angleterre,Etranger,"{""type"":""Point"",""coordinates"":[0.7,51.533333]}",both
Southwold,,2,,,,,,2,,Est,Southwold,456.0,295.0,A0384802,1.683333,52.333333,3.0,Southwold,Southwold,Southwold,Angleterre,Grande-Bretagne,England,Great Britain,"[{""1749-1815"" : ""Grande-Bretagne""}]","[{""1749-1815"" : ""Angleterre""}]",,,2637277.0,,Suffolk shire,NOR-THAM,,,Angleterre,Etranger,"{""type"":""Point"",""coordinates"":[1.683333,52.333333]}",both
Stockton,,,1,1,1,1,,,,Est,Stockton,743.0,288.0,A0391902,-1.310022,54.564642,2.0,Stockton,Stockton,Stockton,Angleterre,Grande-Bretagne,England,Great Britain,"[{""1749-1815"" : ""Grande-Bretagne""}]","[{""1749-1815"" : ""Angleterre""}]",,,2636915.0,,Durham,NOR-TYNE,,,Angleterre,Etranger,"{""type"":""Point"",""coordinates"":[-1.310022,54.564642]}",both
Sunderland,,,6,3,,,,,,Est,Sunderland,107.0,763.0,A0380557,-1.383333,54.911944,171.0,Sunderland,Sunderland,Sunderland,Angleterre,Grande-Bretagne,England,Great Britain,"[{""1749-1815"" : ""Grande-Bretagne""}]","[{""1749-1815"" : ""Angleterre""}]",,,2636531.0,,North Umberland,NOR-TYNE,,,Angleterre,Etranger,"{""type"":""Point"",""coordinates"":[-1.383333,54.911944]}",both
Swansea,,,,,,,1,,,Ouest,Swansea,26.0,40.0,A0384574,-3.966667,51.633333,6.0,Swansey [Swansea],Swansea,Swansea,Pays de Galles,Grande-Bretagne,Wales,Great Britain,"[{""1749-1815"" : ""Grande-Bretagne""}]","[{""1749-1815"" : ""Pays de Galles""}]",,,2636432.0,,Glamorgan shire,ANE-LUND,,,Angleterre,Etranger,"{""type"":""Point"",""coordinates"":[-3.966667,51.633333]}",both
Wateford,,,,,1,,,,,Ouest,Waterford,812.0,433.0,A0599268,-7.129555,52.258197,15.0,Waterford,Waterford,Waterford,Irlande,Grande-Bretagne,Ireland,Great Britain,"[{""1749-1815"" : ""Grande-Bretagne""}]","[{""1749-1815"" : ""Irlande""}]",,,2960992.0,,Irlande,ANE-FAST,,,Angleterre,Etranger,"{""type"":""Point"",""coordinates"":[-7.129555,52.258197]}",both
Weymouth,,,1,1,,,,,,Sud,Weymouth,1267.0,93.0,A0403842,-2.453864,50.608907,5.0,Weymouth,Weymouth,Weymouth,Angleterre,Grande-Bretagne,England,Great Britain,"[{""1749-1815"" : ""Grande-Bretagne""}]","[{""1749-1815"" : ""Angleterre""}]",,,2634202.0,,Dorset shire,MAN-PORT,,,Angleterre,Etranger,"{""type"":""Point"",""coordinates"":[-2.453864,50.608907]}",both
Whistable,10,2,32,52,32,14,76,55,21,Est,Whistable,332.0,937.0,A0392080,1.1,51.35,8.0,Wistable,Whistable,Whistable,Angleterre,Grande-Bretagne,England,Great Britain,"[{""1749-1815"" : ""Grande-Bretagne""}]","[{""1749-1815"" : ""Angleterre""}]",,,3209928.0,,Kent,NOR-THAM,,,Angleterre,Etranger,"{""type"":""Point"",""coordinates"":[1.1,51.35]}",both
Whitby,,,,1,,,,,,Est,Whitby,1155.0,461.0,A0407958,-0.616879,54.482919,24.0,Whitby,Whitby,Whitby,Angleterre,Grande-Bretagne,England,Great Britain,"[{""1749-1815"" : ""Grande-Bretagne""}]","[{""1749-1815"" : ""Angleterre""}]",,,2634135.0,,York shire,NOR-TYNE,,,Angleterre,Etranger,"{""type"":""Point"",""coordinates"":[-0.616879,54.482919]}",both
Whitehaven,,,,,,,,1,,Ouest,Whitehaven,960.0,887.0,A0395178,-3.6,54.55,5.0,Whitehaven,Whitehaven,Whitehaven,Angleterre,Grande-Bretagne,England,Great Britain,"[{""1749-1815"" : ""Grande-Bretagne""}]","[{""1749-1815"" : ""Angleterre""}]",,,2634096.0,,Cumberland,ANE-IRSE,,,Angleterre,Etranger,"{""type"":""Point"",""coordinates"":[-3.6,54.55]}",both
Wick,,,,,3,,,,,Est,Wick,502.0,1181.0,A0400354,-3.083333,58.433334,0.0,,Wick,Wick,Ecosse,Grande-Bretagne,Scotland,Great Britain,"[{""1749-1815"" : ""Grande-Bretagne""}]","[{""1749-1815"" : ""Ecosse""}]",,,,,Ecosse,NOR-CROM,,,Angleterre,Etranger,"{""type"":""Point"",""coordinates"":[-3.083333,58.433334]}",both
Winchelsea,,,,,,1,,,,Sud,Winchelsea,405.0,1309.0,A0384670,0.716667,50.916667,0.0,Winchelsea,Winchelsea,Winchelsea,Angleterre,Grande-Bretagne,England,Great Britain,"[{""1749-1815"" : ""Grande-Bretagne""}]","[{""1749-1815"" : ""Angleterre""}]",,,,,Sussex,MAN-DOVE,,,Angleterre,Etranger,"{""type"":""Point"",""coordinates"":[0.716667,50.916667]}",both
Wivenhoe,,,,1,,,11,2,22,Est,Wivenhoe,691.0,1317.0,A0392491,0.966667,51.85,0.0,Wevenhoe  [Wivenhoe],Wivenhoe,Wivenhoe,Angleterre,Grande-Bretagne,England,Great Britain,"[{""1749-1815"" : ""Grande-Bretagne""}]","[{""1749-1815"" : ""Angleterre""}]",,,,,Essex,NOR-THAM,,,Angleterre,Etranger,"{""type"":""Point"",""coordinates"":[0.966667,51.85]}",both
Woodbridge,2,,,2,4,1,,4,,Est,Woodbridge,1195.0,474.0,A0407326,1.316667,52.1,1.0,Woobridge,Woodbridge,Woodbridge,Angleterre,Grande-Bretagne,England,Great Britain,"[{""1749-1815"" : ""Grande-Bretagne""}]","[{""1749-1815"" : ""Angleterre""}]",,,5926519.0,,Suffolk shire,NOR-THAM,,,Angleterre,Etranger,"{""type"":""Point"",""coordinates"":[1.316667,52.1]}",both
Yarmouth,1,,,1,2,,6,11,3,Est,Yarmouth,1081.0,1061.0,A0388692,-1.5,50.7,39.0,Yarmouth,Yarmouth,Yarmouth,Angleterre,Grande-Bretagne,England,Great Britain,"[{""1749-1815"" : ""Grande-Bretagne""}]","[{""1749-1815"" : ""Angleterre""}]",,,2633414.0,,Hampshire,MAN-WIGH,,,Angleterre,Etranger,"{""type"":""Point"",""coordinates"":[-1.5,50.7]}",both
York,,,,,,,3,,,Est,York,843.0,836.0,A0399131,-1.083333,53.966667,1.0,York,York,York,Angleterre,Grande-Bretagne,England,Great Britain,"[{""1749-1815"" : ""Grande-Bretagne""}]","[{""1749-1815"" : ""Angleterre""}]",,,2633352.0,,York shire,NOR-HUMB,,,Angleterre,Etranger,"{""type"":""Point"",""coordinates"":[-1.083333,53.966667]}",both
Ramsay (I de Man),,,,,,,,1,,Ouest,île de Man,654.0,146.0,A0089345,-4.525466,54.221862,2.0,Ile de Man,île de Man,Isle of Man,Angleterre,Grande-Bretagne,England,Great Britain,"[{""1749-1815"" : ""Grande-Bretagne""}]","[{""1749-1815"" : ""Angleterre""}]",,,3042211.0,,Isle of Man,ANE-IRSE,,,Angleterre,Etranger,"{""type"":""Point"",""coordinates"":[-4.525466,54.221862]}",both
